order_id,order_date,processed_date,look_code,category
15438496579774,2018-12-03 16:07:38,2018-12-03 16:08:38,lookbook3-10,man
15446293203547,2018-12-12 16:42:02,2018-12-12 16:43:13,lookbook3-14,man
15447090647868,2018-12-13 14:51:07,2018-12-13 14:54:01,lookbook3-22,man
15451647280129,2018-12-18 21:25:30,2018-12-18 21:26:50,lookbook3-10,man
15452463441812,2018-12-19 20:05:46,2018-12-19 20:06:56,lookbook3-55,woman
15458253675985,2018-12-26 12:56:10,2018-12-26 12:57:57,lookbook3-66,kids
15458414082833,2018-12-26 17:23:31,2018-12-26 17:25:18,lookbook3-29,man
15459903102729,2018-12-28 10:45:12,2018-12-28 10:47:04,lookbook3-12,man
15484990358755,2019-01-26 11:37:19,2019-01-26 11:38:44,lookbook3-44,woman
15485160962625,2019-01-26 16:21:39,2019-01-26 16:23:12,lookbook3-42,woman
15485235674089,2019-01-26 18:26:10,2019-01-26 18:27:42,lookbook3-57,woman
15485256764033,2019-01-26 19:01:25,2019-01-26 19:02:57,lookbook3-20,man
15485884773686,2019-01-27 12:28:00,2019-01-27 12:29:12,lookbook3-25,man
15486107474643,2019-01-27 18:39:10,2019-01-27 18:40:32,lookbook3-54,woman
15486881532269,2019-01-28 16:09:15,2019-01-28 16:20:13,lookbook3-57,woman
15499166567205,2019-02-11 21:24:19,2019-02-11 21:26:36,lookbook3-39,woman
15531161641961,2019-03-20 22:09:29,2019-03-20 22:11:27,m027_pe19,man
15537941266108,2019-03-28 18:28:49,2019-03-28 18:29:39,w034_pe19,woman
15540178765056,2019-03-31 08:37:59,2019-03-31 12:52:43,w036_pe19,woman
15541109745084,2019-04-01 10:29:36,2019-04-01 10:31:10,w029_pe19,woman
15544134700853,2019-04-04 22:31:13,2019-04-04 22:35:39,k008_pe19,kids
15546622711863,2019-04-07 19:37:54,2019-04-07 19:41:11,k011_pe19,kids
15549060206125,2019-04-10 15:20:23,2019-04-10 15:21:09,k003_pe19,kids
15551056636690,2019-04-12 22:47:48,2019-04-12 22:49:32,m017_pe19,man
15551532907314,2019-04-13 12:01:33,2019-04-13 12:04:14,w030_pe19,woman
15552586516891,2019-04-14 17:17:35,2019-04-14 17:18:42,m007_pe19,man
15553234831768,2019-04-15 11:18:05,2019-04-15 11:19:53,m004_pe19,man
15553238467821,2019-04-15 11:24:09,2019-04-15 11:25:50,m002_pe19,man
15553484288292,2019-04-15 18:13:52,2019-04-15 18:17:12,k005_pe19,kids
15553587933058,2019-04-15 21:06:35,2019-04-15 21:09:55,w008_pe19,woman
15557389546674,2019-04-20 06:42:37,2019-04-20 06:44:21,w008_pe19,woman
15559131374614,2019-04-22 07:05:40,,k011_pe19,kids
15563044117484,2019-04-26 19:46:54,2019-04-26 19:49:06,m009_pe19,man
15566219590077,2019-04-30 11:59:21,2019-04-30 12:01:23,w008_pe19,woman
15568785516599,2019-05-03 11:15:54,2019-05-03 11:18:20,k004_pe19,kids
15569741119351,2019-05-04 13:48:37,2019-05-04 13:50:11,w021_pe19,woman
15570461782865,2019-05-05 09:49:40,2019-05-05 09:51:25,m007_pe19,man
15571393479696,2019-05-06 11:42:30,2019-05-06 11:44:00,k003_pe19,kids
15573154624383,2019-05-08 12:37:44,2019-05-08 12:39:14,w008_pe19,woman
15575585213786,2019-05-11 08:08:44,,k012_pe19,kids
15576733822734,2019-05-12 16:03:05,2019-05-12 16:06:16,m019_pe19,man
15583630009420,2019-05-20 15:36:43,2019-05-20 15:38:14,m014_pe19,man
15584342168037,2019-05-21 11:23:39,2019-05-21 11:25:01,k002_pe19,kids
15585361677769,2019-05-22 15:42:50,2019-05-22 15:44:45,k010_pe19,kids
15587012205207,2019-05-24 13:33:43,2019-05-24 13:36:35,m009_pe19,man
15596496409802,2019-06-04 13:00:43,2019-06-04 13:02:26,w029_pe19,woman
15597239757516,2019-06-05 09:39:39,2019-06-05 09:42:00,m010_pe19,man
15597488241935,2019-06-05 16:33:47,2019-06-05 16:35:51,k002_pe19,kids
15597577129813,2019-06-05 19:01:55,2019-06-05 19:11:54,m012_pe19,man
15598549855778,2019-06-06 22:03:08,2019-06-06 22:05:07,w008_pe19,woman
15600695114597,2019-06-09 09:38:35,2019-06-09 09:41:32,w001_pe19,woman
15607632287767,2019-06-17 10:20:31,2019-06-17 10:21:53,m002_pe19,man
15608065719213,2019-06-17 22:22:58,2019-06-17 22:25:17,m012_pe19,man
15608867076185,2019-06-18 20:38:30,,w008_pe19,woman
15611959032124,2019-06-22 10:31:43,2019-06-22 10:32:56,w037_pe19_curvy,woman
15614621290087,2019-06-25 12:28:52,2019-06-25 12:31:01,w060_pe19_outlet,woman
15620931148005,2019-07-02 19:45:17,2019-07-02 19:48:10,w014_pe19,woman
15622191808253,2019-07-04 06:46:23,2019-07-04 06:47:49,m019_pe19,man
15627431747938,2019-07-10 08:20:00,2019-07-10 08:21:44,m019_pe19,man
15627863367580,2019-07-10 20:19:00,2019-07-10 20:33:29,w024_pe19,woman
15630384439075,2019-07-13 18:20:48,2019-07-15 06:25:05,m011_pe19,man
15631432677384,2019-07-14 23:27:51,2019-07-14 23:36:35,w050_pe19_outlet,woman
15631588447147,2019-07-15 03:47:27,2019-07-15 10:37:23,m038_pe19_outlet,man
15632248138619,2019-07-15 22:06:56,2019-07-15 22:08:38,w008_pe19,woman
15634628176488,2019-07-18 16:13:43,2019-07-22 18:43:11,w062_pe19_outlet,woman
15636107162450,2019-07-20 09:18:40,,m011_pe19,man
15636127668932,2019-07-20 09:52:49,2019-07-20 09:54:13,m011_pe19,man
15643885246008,2019-07-29 09:22:08,2019-07-29 09:24:41,m012_pe19,man
15646529364532,2019-08-01 10:49:00,2019-08-01 10:51:16,w054_pe19_outlet,woman
15648539108260,2019-08-03 18:38:33,2019-08-03 20:33:59,k002_pe19,kids
15652740539148,2019-08-08 15:20:57,2019-08-08 15:23:04,w023_pe19,woman
15660729683511,2019-08-17 21:16:12,2019-08-17 21:18:54,m009_pe19,man
15662523885310,2019-08-19 23:06:36,2019-08-19 23:10:14,m009_pe19,man
15682122486358,2019-09-11 15:30:51,2019-09-11 15:53:35,m063_ai19,man
15693940533199,2019-09-25 07:47:37,2019-09-25 07:49:39,m050_ai19,man
15694928481931,2019-09-26 11:14:20,2019-09-26 11:15:49,w064_ai19,woman
15707828951962,2019-10-11 09:34:55,2019-10-11 10:02:14,k016_ai19,kids
15709717406712,2019-10-13 14:02:24,2019-10-13 14:03:53,w077_ai19,woman
15710416528059,2019-10-14 09:27:35,2019-10-14 09:28:53,w077_ai19,woman
15711279574356,2019-10-15 09:26:02,2019-10-15 09:31:30,k018_ai19,kids
15724775144758,2019-10-31 00:18:38,2019-10-31 00:22:21,w075_ai19,woman
15724845574010,2019-10-31 02:15:59,2019-10-31 02:17:03,w077_ai19,woman
15725044851918,2019-10-31 07:48:07,2019-10-31 07:51:22,w077_ai19,woman
15725096078804,2019-10-31 09:13:31,2019-10-31 09:17:02,w084_ai19,woman
15725356456883,2019-10-31 16:27:32,2019-10-31 16:31:05,w063_ai19,woman
15725372199165,2019-10-31 16:53:42,2019-10-31 16:55:26,w086_ai19,woman
15725452946566,2019-10-31 19:08:17,2019-10-31 19:09:38,k018_ai19,kids
15725587944186,2019-10-31 22:53:22,2019-10-31 22:57:27,w088_ai19,woman
15735009937818,2019-11-11 20:36:37,2019-11-11 20:38:23,w063_ai19,woman
15735514358537,2019-11-12 10:37:19,2019-11-12 10:39:58,m053_ai19,man
15736347252707,2019-11-13 09:45:28,2019-11-13 09:47:55,w084_ai19,woman
15736841130962,2019-11-13 23:28:37,2019-11-13 23:31:06,m067_ai19,man
15737608335177,2019-11-14 20:47:17,2019-11-14 20:49:26,m071_ai19,man
15741985600706,2019-11-19 22:22:43,2019-11-19 22:23:43,w074_ai19,woman
15750228303309,2019-11-29 11:20:33,2019-11-29 11:22:25,w069_ai19,woman
15750293148968,2019-11-29 13:08:37,2019-11-29 13:20:57,m049_ai19,man
15754081958778,2019-12-03 22:23:18,2019-12-03 22:26:00,m053_ai19,man
15755831983528,2019-12-05 23:00:02,2019-12-05 23:05:44,m065_ai19,man
15757531949663,2019-12-07 22:13:17,2019-12-07 22:20:36,m071_ai19,man
15761646851410,2019-12-12 16:31:27,2019-12-12 16:33:01,w088_ai19,woman
15764268042424,2019-12-15 17:20:07,2019-12-15 17:21:46,w069_ai19,woman
15766944781990,2019-12-18 19:41:21,2019-12-18 19:43:04,m067_ai19,man
15775216527065,2019-12-28 09:27:35,2019-12-28 09:28:24,w004_ai19,woman
15780952563362,2020-01-04 00:47:43,2020-01-04 00:49:02,w005_ai19,woman
15782303905001,2020-01-05 14:19:53,,k024_ai19,kids
15782309328813,2020-01-05 14:28:55,2020-01-05 14:31:36,k024_ai19,kids
15787822687319,2020-01-11 23:37:52,2020-01-11 23:43:43,k018_ai19,kids
15792106897461,2020-01-16 22:38:14,2020-01-16 22:39:35,w086_ai19,woman
15795201957986,2020-01-20 12:36:40,2020-01-20 12:39:10,k018_ai19,kids
15797007386036,2020-01-22 14:45:44,2020-01-22 14:48:45,w005_ai19,woman
15797675600584,2020-01-23 09:19:24,2020-01-23 09:20:51,k024_ai19,kids
15798639868458,2020-01-24 12:06:30,,w086_ai19,woman
15799551848130,2020-01-25 13:26:29,2020-01-27 23:47:18,m053_ai19,man
15799624833058,2020-01-25 15:28:06,2020-01-25 15:29:41,m071_ai19,man
15799662161815,2020-01-25 16:30:22,2020-01-25 16:31:34,m071_ai19,man
15799902026547,2020-01-25 23:10:25,2020-01-25 23:12:15,m067_ai19,man
15799919109443,2020-01-25 23:38:36,2020-01-25 23:40:57,w004_ai19,woman
15800437041860,2020-01-26 14:01:48,2020-01-26 14:03:08,w067_ai19,woman
15815293296727,2020-02-12 18:42:13,2020-02-12 18:44:58,k024_ai19,kids
15815822766157,2020-02-13 09:24:41,2020-02-13 09:39:44,w005_ai19,woman
15818861646566,2020-02-16 21:49:27,2020-02-16 21:59:41,w086_ai19,woman
15821336555273,2020-02-19 18:34:20,2020-02-19 18:34:46,w084_ai19,woman
15822175419324,2020-02-20 17:52:24,2020-02-20 17:53:44,w084_ai19,woman
15824732871775,2020-02-23 16:54:50,2020-02-23 16:57:17,m072_ai19,man
15827034251380,2020-02-26 08:50:29,2020-02-26 08:51:56,m054_ai19,man
15827060557180,2020-02-26 09:34:21,2020-02-26 09:37:16,m067_ai19,man
15830878848172,2020-03-01 19:38:08,2020-03-01 19:42:45,w086_ai19,woman
15831513166867,2020-03-02 13:15:20,2020-03-02 13:15:45,w004_pe20,woman
15831686285471,2020-03-02 18:03:52,2020-03-02 18:05:09,w011_pe20,woman
15831700037543,2020-03-02 18:26:47,2020-03-02 18:28:53,w004_pe20,woman
15833950656348,2020-03-05 08:57:49,2020-03-05 09:00:53,w004_pe20,woman
15839405953614,2020-03-11 16:29:58,,w004_pe20,woman
15841922493360,2020-03-14 14:24:11,2020-03-14 14:25:41,m010_pe20,man
15842954571697,2020-03-15 19:04:25,2020-03-15 19:11:17,k010_pe20,kids
15847185247451,2020-03-20 16:35:28,2020-03-20 16:36:55,k012_pe20,kids
15853200551456,2020-03-27 15:41:12,2020-03-27 15:43:36,k007_pe20,kids
15854038563570,2020-03-28 14:57:39,,w013_pe20,woman
15855112223489,2020-03-29 20:47:04,2020-03-29 20:47:55,w004_pe20,woman
15857372514911,2020-04-01 11:34:16,2020-04-01 11:35:06,w011_pe20,woman
15864384251781,2020-04-09 14:20:28,2020-04-09 14:27:53,w011_pe20,woman
15867150653335,2020-04-12 19:11:08,2020-04-12 19:13:10,w006_pe20,woman
15867616884648,2020-04-13 08:08:11,2020-04-13 08:10:08,m026_pe20,man
15867836334346,2020-04-13 14:13:57,2020-04-13 14:15:24,w008_pe20,woman
15868763628635,2020-04-14 15:59:27,,w008_pe20,woman
15871325404290,2020-04-17 15:09:06,2020-04-17 15:13:10,k010_pe20,kids
15871414695198,2020-04-17 17:37:55,2020-04-17 17:39:31,k010_pe20,kids
15871641764632,2020-04-17 23:56:20,2020-04-17 23:58:39,w010_pe20,woman
15872066617666,2020-04-18 11:44:24,2020-04-18 11:45:43,w019_pe20,woman
15873013950911,2020-04-19 14:03:19,2020-04-19 14:06:44,w011_pe20,woman
15873256569792,2020-04-19 20:47:39,2020-04-19 20:58:42,k007_pe20,kids
15873659644390,2020-04-20 07:59:29,2020-04-20 08:02:15,k012_pe20,kids
15874013126526,2020-04-20 17:48:46,2020-04-20 17:52:13,w004_pe20,woman
15875390690148,2020-04-22 08:04:32,,m004_pe20,man
15875607012142,2020-04-22 14:05:06,2020-04-22 15:44:31,w010_pe20,woman
15875865068803,2020-04-22 21:15:10,2020-04-22 21:23:03,m014_pe20,man
15876544364633,2020-04-23 16:07:20,2020-04-23 16:10:11,w020_pe20,woman
15878371458087,2020-04-25 18:52:30,2020-04-25 18:54:54,k008_pe20,kids
15880076167242,2020-04-27 18:13:42,2020-04-27 19:43:46,m025_pe20,man
15881626766497,2020-04-29 13:18:00,2020-04-29 13:18:40,w011_pe20,woman
15881644468421,2020-04-29 13:47:29,2020-04-29 13:49:05,w011_pe20,woman
15882674849167,2020-04-30 18:24:51,2020-04-30 18:27:39,m013_pe20,man
15883172001160,2020-05-01 08:13:23,2020-05-01 08:19:16,k010_pe20,kids
15883268839113,2020-05-01 10:54:50,2020-05-01 10:56:19,m001_pe20,man
15883403402892,2020-05-01 14:39:04,2020-05-01 14:50:01,m014_pe20,man
15884424348106,2020-05-02 19:00:40,2020-05-02 19:05:19,k003_pe20,kids
15884936902402,2020-05-03 09:14:53,2020-05-03 09:16:30,w004_pe20,woman
15884946978661,2020-05-03 09:31:50,2020-05-03 09:33:35,w006_pe20,woman
15885046207493,2020-05-03 12:17:04,2020-05-03 12:21:08,w004_pe20,woman
15887458589455,2020-05-06 07:17:42,2020-05-06 07:19:12,w006_pe20,woman
15887714853595,2020-05-06 14:25:02,,w006_pe20,woman
15888457707297,2020-05-07 11:02:55,2020-05-07 11:05:28,w006_pe20,woman
15888476554161,2020-05-07 11:34:18,2020-05-07 11:36:10,w006_pe20,woman
15888844213518,2020-05-07 21:47:04,,w006_pe20,woman
15889394908828,2020-05-08 13:04:54,2020-05-08 13:05:18,w006_pe20,woman
15889715250018,2020-05-08 21:58:48,2020-05-08 22:03:04,m007_pe20,man
15890540544877,2020-05-09 20:54:17,2020-05-09 20:56:09,w006_pe20,woman
15891357685501,2020-05-10 19:36:11,2020-05-10 19:36:50,w020_pe20,woman
15891392320349,2020-05-10 20:33:55,2020-05-10 21:11:28,w006_pe20,woman
15891798816155,2020-05-11 07:51:24,2020-05-11 07:55:52,w006_pe20,woman
15892256866738,2020-05-11 20:34:49,2020-05-11 20:36:15,m011_pe20,man
15892321500939,2020-05-11 22:22:39,2020-05-12 06:12:47,k003_pe20,kids
15892814975674,2020-05-12 12:05:00,2020-05-12 12:05:39,m009_pe20,man
15893894726026,2020-05-13 18:04:36,2020-05-13 18:06:35,w011_pe20,woman
15893937947298,2020-05-13 19:16:38,2020-05-13 19:17:06,m004_pe20,man
15896357674534,2020-05-16 14:29:27,2020-05-16 14:29:40,m011_pe20,man
15896384600905,2020-05-16 15:14:20,2020-05-16 15:49:00,w010_pe20,woman
15896458744844,2020-05-16 17:17:54,2020-05-16 17:18:10,w020_pe20,woman
15898907424211,2020-05-19 13:19:05,2020-05-19 13:20:00,k010_pe20,kids
15901371903711,2020-05-22 09:46:34,2020-05-22 09:48:33,m013_pe20,man
15901913005650,2020-05-23 00:48:23,,w006_pe20,woman
15902798617849,2020-05-24 01:24:25,,w020_pe20,woman
15903033830907,2020-05-24 07:56:26,2020-05-24 07:58:39,k012_pe20,kids
15904449252096,2020-05-25 23:15:31,2020-05-25 23:42:22,k010_pe20,kids
15904931622996,2020-05-26 12:39:26,2020-05-26 12:40:02,w011_pe20,woman
15905061993183,2020-05-26 16:16:45,2020-05-26 16:18:43,m005_pe20,man
15906485355858,2020-05-28 07:48:58,2020-05-28 07:51:17,w011_pe20,woman
15907452172804,2020-05-29 10:40:20,,w003_pe20,woman
15907594388067,2020-05-29 14:37:22,2020-05-29 14:38:05,m013_pe20,man
15909431800072,2020-05-31 17:39:40,2020-05-31 17:41:29,w011_pe20,woman
15909493791301,2020-05-31 19:22:59,2020-05-31 19:24:35,w011_pe20,woman
15909757964328,2020-06-01 02:43:16,2020-06-01 02:47:39,w021_pe20,woman
15910754041737,2020-06-02 06:23:27,2020-06-02 06:24:00,k008_pe20,kids
15912883798288,2020-06-04 17:33:02,2020-06-04 17:36:00,k007_pe20,kids
15913945709944,2020-06-05 23:02:55,2020-06-05 23:03:26,m001_pe20,man
15914194876992,2020-06-06 05:58:10,2020-06-06 06:00:15,w008_pe20,woman
15914332006832,2020-06-06 09:46:46,2020-06-06 09:48:23,w011_pe20,woman
15914341423010,2020-06-06 10:02:27,2020-06-06 10:05:37,w010_pe20,woman
15914353466760,2020-06-06 10:22:32,2020-06-06 10:23:41,k010_pe20,kids
15914445571823,2020-06-06 12:56:04,2020-06-06 13:00:01,k003_pe20,kids
15914479652965,2020-06-06 13:53:01,2020-06-06 13:56:11,w006_pe20,woman
15914496982700,2020-06-06 14:21:42,2020-06-06 14:28:09,w004_pe20,woman
15914504380962,2020-06-06 14:34:01,2020-06-06 14:36:02,w006_pe20,woman
15914505450880,2020-06-06 14:35:49,2020-06-06 14:50:08,k007_pe20,kids
15914569309760,2020-06-06 16:22:14,2020-06-06 16:25:12,k011_pe20,kids
15914583940765,2020-06-06 16:46:37,2020-06-06 16:47:01,m011_pe20,man
15914593312042,2020-06-06 17:02:15,2020-06-06 17:07:52,k003_pe20,kids
15914594739437,2020-06-06 17:04:41,2020-06-06 17:06:19,w011_pe20,woman
15914664767694,2020-06-06 19:01:23,2020-06-06 19:19:16,m013_pe20,man
15914700615435,2020-06-06 20:01:08,2020-06-06 20:02:53,w004_pe20,woman
15914726302714,2020-06-06 20:43:53,2020-06-06 20:49:28,m003_pe20,man
15914761938950,2020-06-06 21:43:18,2020-06-06 21:46:25,m013_pe20,man
15915277124064,2020-06-07 12:01:56,2020-06-07 12:03:51,w003_pe20,woman
15915332661530,2020-06-07 13:34:29,2020-06-07 13:37:32,w011_pe20,woman
15915382806136,2020-06-07 14:58:06,2020-06-07 14:59:45,m013_pe20,man
15915445625765,2020-06-07 16:42:42,2020-06-07 16:44:14,k011_pe20,kids
15915458379153,2020-06-07 17:04:01,2020-06-07 17:05:33,w011_pe20,woman
15915529342542,2020-06-07 19:02:17,2020-06-07 19:06:43,k011_pe20,kids
15915557844237,2020-06-07 19:49:50,2020-06-07 19:51:53,w004_pe20,woman
15915560156487,2020-06-07 19:53:39,2020-06-07 19:55:17,w011_pe20,woman
15915577264548,2020-06-07 20:22:09,2020-06-07 20:25:00,w011_pe20,woman
15915609782559,2020-06-07 21:16:22,2020-06-07 21:17:55,w021_pe20,woman
15915653900411,2020-06-07 22:29:53,2020-06-07 22:31:03,m014_pe20,man
15922467448239,2020-06-15 19:45:49,2020-06-15 19:47:37,m027_pe20,man
15923127129908,2020-06-16 14:05:15,2020-06-16 14:08:54,m027_pe20,man
15924641262569,2020-06-18 08:08:49,2020-06-18 08:11:23,m027_pe20,man
15924723867938,2020-06-18 10:26:29,2020-06-18 10:28:23,w020_pe20,woman
15925075956658,2020-06-18 20:13:19,2020-06-18 20:18:39,w011_pe20,woman
15926510510834,2020-06-20 12:04:13,2020-06-20 12:05:42,w016_pe20,woman
15929183980734,2020-06-23 14:20:02,,k003_pe20,kids
15929189751286,2020-06-23 14:29:38,2020-06-23 14:31:09,k003_pe20,kids
15929791542151,2020-06-24 07:12:38,2020-06-24 07:14:22,w011_pe20,woman
15929893907481,2020-06-24 10:03:13,2020-06-24 10:04:26,w018_pe20,woman
15930240542201,2020-06-24 19:41:01,2020-06-24 19:42:29,m027_pe20,man
15931189873908,2020-06-25 22:03:12,2020-06-25 22:05:22,m027_pe20,man
15932674490527,2020-06-27 15:17:32,2020-06-27 15:18:13,w011_pe20,woman
15933425435256,2020-06-28 12:09:07,2020-06-28 12:11:01,w011_pe20,woman
15935800983181,2020-07-01 06:08:21,2020-07-01 06:09:54,lookprot1,protective eqpts.
15936051702546,2020-07-01 13:06:13,,lookprot2,protective eqpts.
15936063127925,2020-07-01 13:25:16,2020-07-01 13:27:59,m018_pe20,man
15936168868930,2020-07-01 16:21:30,2020-07-01 16:30:32,w010_pe20,woman
15936297693838,2020-07-01 19:56:12,2020-07-01 19:58:33,k001_pe20,kids
15936358118921,2020-07-01 21:36:54,,m027_pe20,man
15937681406866,2020-07-03 10:22:23,,lookprot1,protective eqpts.
15937684917833,2020-07-03 10:28:14,2020-07-03 10:30:35,lookprot1,protective eqpts.
15941059732441,2020-07-07 08:12:56,2020-07-07 08:15:05,m027_pe20,man
15941115849644,2020-07-07 09:46:27,2020-07-07 09:48:11,lookprot1,protective eqpts.
15941977732441,2020-07-08 09:42:56,2020-07-08 09:44:26,m027_pe20,man
15942976380350,2020-07-09 13:27:22,2020-07-09 13:29:21,m027_pe20,man
15943733889174,2020-07-10 10:29:52,2020-07-10 10:32:09,k010_pe20,kids
15944817811128,2020-07-11 16:36:24,2020-07-11 16:39:02,m027_pe20,man
15948300994671,2020-07-15 17:21:42,2020-07-15 17:22:39,lookprot2,protective eqpts.
15948840577891,2020-07-16 08:20:57,2020-07-16 08:22:50,m027_pe20,man
15953984924126,2020-07-22 07:14:54,2020-07-22 07:18:21,w004_pe20,woman
15956128586411,2020-07-24 18:47:41,2020-07-24 18:51:05,m027_pe20,man
15957551911419,2020-07-26 10:19:54,2020-07-26 10:21:35,m027_pe20,man
15957997094561,2020-07-26 22:41:53,,k001_pe20,kids
15958314168024,2020-07-27 07:30:24,2020-07-27 07:35:23,lookprot1,protective eqpts.
15958461775106,2020-07-27 11:36:20,2020-07-27 11:38:02,m027_pe20,man
15958521153916,2020-07-27 13:15:21,2020-07-27 13:18:58,k012_pe20,kids
15959675719470,2020-07-28 21:19:37,2020-07-28 21:21:06,m015_pe20,man
15962056625364,2020-07-31 15:27:45,2020-07-31 15:28:55,m027_pe20,man
15962115563323,2020-07-31 17:06:00,2020-07-31 17:06:37,w011_pe20,woman
15962290760384,2020-07-31 21:58:00,2020-07-31 21:58:36,w016_pe20,woman
15962354604509,2020-07-31 23:44:24,2020-07-31 23:46:21,k001_pe20,kids
15962712112273,2020-08-01 09:40:15,2020-08-01 09:42:03,w011_pe20,woman
15963033622043,2020-08-01 18:36:05,2020-08-01 18:38:00,m018_pe20,man
15963606805441,2020-08-02 10:31:23,2020-08-02 10:33:58,k010_pe20,kids
15963767312717,2020-08-02 14:58:54,2020-08-02 15:00:54,m013_pe20,man
15963911628161,2020-08-02 18:59:26,2020-08-02 18:59:56,k010_pe20,kids
15963978830231,2020-08-02 20:51:27,2020-08-02 20:52:59,w011_pe20,woman
15964439803618,2020-08-03 09:39:42,,m027_pe20,man
15964443435597,2020-08-03 09:45:46,2020-08-03 09:48:23,m027_pe20,man
15965306077188,2020-08-04 09:43:35,2020-08-04 09:45:56,k001_pe20,kids
15965672253576,2020-08-04 19:53:47,2020-08-04 19:54:43,w004_pe20,woman
15965703863540,2020-08-04 20:46:30,2020-08-04 20:48:22,w011_pe20,woman
15966114115043,2020-08-05 08:10:14,2020-08-05 08:11:31,m027_pe20,man
15966339414573,2020-08-05 14:25:49,2020-08-05 15:01:36,m027_pe20,man
15969027454408,2020-08-08 17:05:49,,w020_pe20,woman
15971447936044,2020-08-11 12:19:56,2020-08-11 12:23:18,k001_pe20,kids
15971703384067,2020-08-11 19:25:47,2020-08-11 19:27:32,m013_pe20,man
15972213114096,2020-08-12 09:35:15,2020-08-12 09:41:50,k010_pe20,kids
15972608546291,2020-08-12 20:34:20,2020-08-12 20:40:44,m027_pe20,man
15972617179587,2020-08-12 20:48:40,2020-08-12 20:52:10,m027_pe20,man
15973528852513,2020-08-13 22:08:08,2020-08-13 22:15:08,lookprot1,protective eqpts.
15974107216845,2020-08-14 14:12:06,2020-08-14 14:13:15,m027_pe20,man
15976693784781,2020-08-17 14:03:01,,w020_pe20,woman
15979481327418,2020-08-20 19:28:56,2020-08-20 19:30:36,w011_pe20,woman
15979623992656,2020-08-20 23:26:44,2020-08-20 23:30:44,m027_pe20,man
15979953700970,2020-08-21 08:36:14,2020-08-21 08:39:41,m027_pe20,man
15979962368554,2020-08-21 08:50:40,2020-08-21 08:54:33,m027_pe20,man
15980121898993,2020-08-21 13:16:34,2020-08-21 13:16:47,m027_pe20,man
15980316960178,2020-08-21 18:41:42,2020-08-21 18:43:30,m027_pe20,man
15980421324094,2020-08-21 21:35:35,2020-08-21 21:37:28,m027_pe20,man
15980427736011,2020-08-21 21:46:16,2020-08-21 21:47:38,m027_pe20,man
15980812234130,2020-08-22 08:27:07,2020-08-22 08:27:57,m027_pe20,man
15980886983480,2020-08-22 10:31:43,2020-08-22 10:33:18,m027_pe20,man
15982846675641,2020-08-24 16:57:50,2020-08-24 16:59:02,lookprot1,protective eqpts.
15983665771024,2020-08-25 15:43:00,2020-08-25 15:45:17,k012_pe20,kids
15983858749208,2020-08-25 21:04:37,2020-08-25 21:05:09,k001_pe20,kids
15984732898901,2020-08-26 21:21:32,,w011_pe20,woman
15984742210569,2020-08-26 21:37:03,2020-08-26 21:39:44,w011_pe20,woman
15984758058893,2020-08-26 22:03:29,2020-08-27 03:25:07,m027_pe20,man
15984784724164,2020-08-26 22:47:57,2020-08-26 22:49:52,k002_pe20,kids
15985452684052,2020-08-27 17:21:24,2020-08-27 17:23:45,m013_pe20,man
15986610944532,2020-08-29 01:31:54,2020-08-29 01:33:39,m027_pe20,man
15986860887674,2020-08-29 08:28:12,2020-08-29 08:30:13,w011_pe20,woman
15987811587310,2020-08-30 10:52:42,2020-08-30 10:54:46,w011_pe20,woman
15988296398367,2020-08-31 00:20:45,2020-08-31 00:22:58,m027_pe20,man
15988337337733,2020-08-31 01:28:59,2020-08-31 01:31:49,m027_pe20,man
15988670351853,2020-08-31 10:44:03,2020-08-31 10:46:06,m027_pe20,man
15988676531025,2020-08-31 10:54:16,2020-08-31 10:56:22,m027_pe20,man
15988698825185,2020-08-31 11:31:26,2020-08-31 11:38:14,m027_pe20,man
15988773968751,2020-08-31 13:36:40,2020-08-31 13:38:43,w011_pe20,woman
15988856424858,2020-08-31 15:54:08,2020-08-31 15:55:40,m027_pe20,man
15988937826632,2020-08-31 18:09:48,2020-08-31 18:10:14,m027_pe20,man
15988962008487,2020-08-31 18:50:08,2020-08-31 19:02:08,m027_pe20,man
15988987068843,2020-08-31 19:31:55,2020-08-31 19:33:54,w011_pe20,woman
15989046137157,2020-08-31 21:10:23,2020-08-31 21:12:35,m018_pe20,man
15989080841087,2020-08-31 22:08:09,2020-08-31 22:10:39,m027_pe20,man
15989102065757,2020-08-31 22:43:30,2020-08-31 22:46:40,m027_pe20,man
15989108015255,2020-08-31 22:53:26,2020-08-31 22:55:29,m027_pe20,man
15989658517384,2020-09-01 14:10:54,2020-09-01 14:14:18,lookprot1,protective eqpts.
15990708284897,2020-09-02 19:20:31,2020-09-02 19:22:30,m027_pe20,man
15995023608209,2020-09-07 19:12:43,,lookprot1,protective eqpts.
15995026041705,2020-09-07 19:16:56,2020-09-07 19:18:04,lookprot2,protective eqpts.
15995638681387,2020-09-08 12:17:51,2020-09-08 12:19:08,lookprot1,protective eqpts.
15995718267052,2020-09-08 14:30:39,2020-09-08 14:42:59,m027_pe20,man
15998415788750,2020-09-11 17:26:21,2020-09-11 17:44:27,lookprot1,protective eqpts.
15999366956617,2020-09-12 19:51:38,2020-09-12 19:52:18,m027_pe20,man
16002675344806,2020-09-16 15:45:38,2020-09-16 15:47:09,k002_pe20,kids
16006957364994,2020-09-21 14:42:19,,w011_pe20,woman
16007089989494,2020-09-21 18:23:23,2020-09-21 18:25:28,m027_pe20,man
16008244183236,2020-09-23 02:27:00,2020-09-23 02:28:34,lookprot1,protective eqpts.
16019055652249,2020-10-05 14:46:07,2020-10-05 14:49:55,lookprot1,protective eqpts.
16024952929151,2020-10-12 10:34:55,2020-10-12 10:37:44,m033_ai20,man
16037012339424,2020-10-26 09:33:56,2020-10-26 09:35:52,k021_ai20,kids
16043499535619,2020-11-02 21:45:56,,lookprot1,protective eqpts.
16044969326555,2020-11-04 14:35:35,2020-11-04 14:39:07,k014_ai20,kids
16046803208439,2020-11-06 17:32:03,2020-11-06 17:33:55,w042_ai20,woman
16047582766970,2020-11-07 15:11:19,2020-11-07 15:13:07,k021_ai20,kids
16052579455900,2020-11-13 09:59:09,2020-11-13 10:03:13,w042_ai20,woman
16053484794849,2020-11-14 11:08:04,2020-11-14 11:09:49,k023_ai20,kids
16053900110493,2020-11-14 22:40:14,2020-11-14 22:56:42,k016_ai20,kids
16053900307557,2020-11-14 22:40:33,2020-11-14 22:43:24,k016_ai20,kids
16054489444161,2020-11-15 15:02:27,,m032_ai20,man
16054723128306,2020-11-15 21:31:56,2020-11-15 21:33:51,k021_ai20,kids
16058709435472,2020-11-20 12:15:46,2020-11-20 12:17:41,w033_ai20,woman
16059358357330,2020-11-21 06:17:17,2020-11-21 06:20:55,w042_ai20,woman
16059575232285,2020-11-21 12:18:45,2020-11-21 13:54:23,w031_ai20,woman
16060417306657,2020-11-22 11:42:12,,m039_ai20,man
16060421403285,2020-11-22 11:49:02,2020-11-22 11:49:28,m039_ai20,man
16064997115363,2020-11-27 18:55:14,2020-11-27 18:57:38,w042_ai20,woman
16065939886193,2020-11-28 21:06:31,2020-11-28 21:07:43,w032_ai20,woman
16066603225036,2020-11-29 15:32:07,2020-11-29 15:34:24,w042_ai20,woman
16066684175449,2020-11-29 17:47:00,2020-11-29 17:48:54,w039_ai20,woman
16070798332707,2020-12-04 12:03:56,2020-12-04 12:09:58,w023_ai20,woman
16070818131685,2020-12-04 12:36:55,2020-12-04 12:38:48,k022_ai20,kids
16071881647447,2020-12-05 18:09:27,2020-12-05 18:11:37,w028_ai20,woman
16072612976681,2020-12-06 14:28:19,2020-12-06 14:30:52,w032_ai20,woman
16073752576880,2020-12-07 22:07:40,2020-12-07 22:09:05,m039_ai20,man
16074300545975,2020-12-08 13:20:56,2020-12-08 13:24:09,w032_ai20,woman
16074325908948,2020-12-08 14:03:13,2020-12-08 14:03:57,w042_ai20,woman
16074382131935,2020-12-08 15:36:58,2020-12-08 15:38:10,m039_ai20,man
16075925422740,2020-12-10 10:29:04,2020-12-10 10:31:12,k013_ai20,kids
16075941657718,2020-12-10 10:56:07,2020-12-10 10:57:33,w032_ai20,woman
16079275427547,2020-12-14 07:32:24,2020-12-14 07:34:01,w032_ai20,woman
16079647307005,2020-12-14 17:52:14,2020-12-14 17:54:08,k022_ai20,kids
16079680928778,2020-12-14 18:48:16,2020-12-14 18:49:35,w042_ai20,woman
16082201189082,2020-12-17 16:48:42,2020-12-17 16:48:58,m030_ai20,man
16082372185163,2020-12-17 21:33:41,2020-12-17 21:36:53,w033_ai20,woman
16082773113197,2020-12-18 08:41:53,,k021_ai20,kids
16083830254852,2020-12-19 14:03:48,2020-12-19 14:05:40,w035_ai20,woman
16083895678918,2020-12-19 15:52:52,2020-12-19 15:55:47,k021_ai20,kids
16084750118348,2020-12-20 15:36:54,2020-12-20 15:39:16,w031_ai20,woman
16084766038735,2020-12-20 16:03:26,2020-12-20 16:05:13,m040_ai20,man
16084859533980,2020-12-20 18:39:15,2020-12-20 18:41:06,m032_ai20,man
16084937898111,2020-12-20 20:49:52,2020-12-20 20:51:23,m034_ai20,man
16086725083370,2020-12-22 22:28:30,2020-12-22 22:31:35,w029_ai20,woman
16087367743549,2020-12-23 16:19:36,2020-12-23 16:20:40,m032_ai20,man
16089793831870,2020-12-26 11:43:05,2020-12-26 11:44:47,k021_ai20,kids
16091497117963,2020-12-28 11:01:54,2020-12-28 11:03:19,k013_ai20,kids
16093406404698,2020-12-30 16:04:02,2020-12-30 16:05:52,w037_ai20,woman
16093563887677,2020-12-30 20:26:31,2020-12-30 20:28:31,k021_ai20,kids
16093606785902,2020-12-30 21:38:01,2020-12-30 21:44:08,m038_ai20,man
16094464599115,2020-12-31 21:27:42,2020-12-31 21:29:19,m032_ai20,man
16098566807685,2021-01-05 15:24:44,2021-01-05 15:27:16,w042_ai20,woman
16101023481166,2021-01-08 11:39:10,2021-01-08 11:40:35,w032_ai20,woman
